﻿{

"Items": [

{
"name": "Floor1",
"display": "Этаж 1",
"objects" : ["windows_floor1" , "wall_floor1", "wall_base_floor1", "vhod_floor1", "unitaz", "tumba_tv_v2", "tumba_tv_v1", "stairs1_floor1", "stair2_floor1", "Sofa2", "Sofa", "Plant003", "Plant002", "Plant001", "Plant", "kitchen", "glass_floor1", "doors_floor1", "divankoja", "armchair001", "armchair"]

},


{
"name": "Floor2",
"display": "Этаж 2",
"objects" : ["windows_floor2" , "wall_floor2", "wall_base_floor2", "Plant006", "Plant005", "Plant004", "perila_floor2", "glass_floor2", "doors_floor2", "Bed2", "Bed002", "Bed1"]
},


{
"name": "Ceiling",
"display": "Крыша",
"objects" : ["roof"]
}



]




}


